[{"model": "core.test", "pk": 29, "fields": {"name": "Нормальный тест", "description": "Описание", "num_of_passes": 0, "author": null, "date_created": "2020-08-18"}}, {"model": "core.test", "pk": 30, "fields": {"name": "Информационные технологии в управлении", "description": "Тест по теме «Тесты с ответами по предмету - Информационные технологии в управлении»", "num_of_passes": 0, "author": null, "date_created": "2020-08-19"}}, {"model": "core.question", "pk": 75, "fields": {"question_text": "Вопрос 1", "test": 29}}, {"model": "core.question", "pk": 76, "fields": {"question_text": "Вопрос 2", "test": 29}}, {"model": "core.question", "pk": 77, "fields": {"question_text": "Вопрос 3", "test": 29}}, {"model": "core.question", "pk": 78, "fields": {"question_text": "Вопрос 4", "test": 29}}, {"model": "core.question", "pk": 79, "fields": {"question_text": "Вопрос 5", "test": 29}}, {"model": "core.question", "pk": 80, "fields": {"question_text": "Цель информатизации общества заключается в", "test": 30}}, {"model": "core.question", "pk": 81, "fields": {"question_text": "В каком законе отображается объективность процесса информатизации общества", "test": 30}}, {"model": "core.question", "pk": 82, "fields": {"question_text": "Данные об объектах, событиях и процессах, это", "test": 30}}, {"model": "core.question", "pk": 83, "fields": {"question_text": "Информация это", "test": 30}}, {"model": "core.question", "pk": 84, "fields": {"question_text": "Экономический показатель состоит из", "test": 30}}, {"model": "core.answer", "pk": 200, "fields": {"answer_text": "Правильный ответ", "is_true": true, "question": 75}}, {"model": "core.answer", "pk": 201, "fields": {"answer_text": "Неправильный ответ", "is_true": false, "question": 75}}, {"model": "core.answer", "pk": 202, "fields": {"answer_text": "Неправильный ответ", "is_true": false, "question": 75}}, {"model": "core.answer", "pk": 203, "fields": {"answer_text": "Неправильный ответ", "is_true": false, "question": 75}}, {"model": "core.answer", "pk": 204, "fields": {"answer_text": "Неправильный ответ", "is_true": false, "question": 76}}, {"model": "core.answer", "pk": 205, "fields": {"answer_text": "Неправильный ответ", "is_true": false, "question": 76}}, {"model": "core.answer", "pk": 206, "fields": {"answer_text": "Правиьлный ответ", "is_true": true, "question": 76}}, {"model": "core.answer", "pk": 207, "fields": {"answer_text": "Неправильный ответ", "is_true": false, "question": 76}}, {"model": "core.answer", "pk": 208, "fields": {"answer_text": "НЕ", "is_true": false, "question": 77}}, {"model": "core.answer", "pk": 209, "fields": {"answer_text": "Да", "is_true": true, "question": 77}}, {"model": "core.answer", "pk": 210, "fields": {"answer_text": "Не", "is_true": false, "question": 77}}, {"model": "core.answer", "pk": 211, "fields": {"answer_text": "Не", "is_true": false, "question": 77}}, {"model": "core.answer", "pk": 212, "fields": {"answer_text": "Не", "is_true": false, "question": 78}}, {"model": "core.answer", "pk": 213, "fields": {"answer_text": "Не", "is_true": false, "question": 78}}, {"model": "core.answer", "pk": 214, "fields": {"answer_text": "Не", "is_true": false, "question": 78}}, {"model": "core.answer", "pk": 215, "fields": {"answer_text": "Да", "is_true": true, "question": 78}}, {"model": "core.answer", "pk": 216, "fields": {"answer_text": "Да", "is_true": true, "question": 79}}, {"model": "core.answer", "pk": 217, "fields": {"answer_text": "Не", "is_true": false, "question": 79}}, {"model": "core.answer", "pk": 218, "fields": {"answer_text": "Не", "is_true": false, "question": 79}}, {"model": "core.answer", "pk": 219, "fields": {"answer_text": "Не", "is_true": false, "question": 79}}, {"model": "core.answer", "pk": 220, "fields": {"answer_text": "справедливом распределении материальных благ", "is_true": false, "question": 80}}, {"model": "core.answer", "pk": 221, "fields": {"answer_text": "удовлетворении духовных потребностей человека", "is_true": false, "question": 80}}, {"model": "core.answer", "pk": 222, "fields": {"answer_text": "максимальном удовлетворении информационных потребностей отдельных граждан, их групп, предприятий, организаций и т. д. за счет повсеместного внедрения компьютеров и средств коммуникаций.", "is_true": true, "question": 80}}, {"model": "core.answer", "pk": 223, "fields": {"answer_text": "Закон убывающей доходности.", "is_true": false, "question": 81}}, {"model": "core.answer", "pk": 224, "fields": {"answer_text": "Закон циклического развития общества.", "is_true": false, "question": 81}}, {"model": "core.answer", "pk": 225, "fields": {"answer_text": "Закон “необходимого разнообразия”.", "is_true": true, "question": 81}}, {"model": "core.answer", "pk": 226, "fields": {"answer_text": "Закон единства и борьбы противоположностей.", "is_true": false, "question": 81}}, {"model": "core.answer", "pk": 227, "fields": {"answer_text": "содержимое баз знаний;", "is_true": false, "question": 82}}, {"model": "core.answer", "pk": 228, "fields": {"answer_text": "необработанные сообщения, отражающие отдельные факты, процессы, события;", "is_true": true, "question": 82}}, {"model": "core.answer", "pk": 229, "fields": {"answer_text": "предварительно обработанная информация", "is_true": false, "question": 82}}, {"model": "core.answer", "pk": 230, "fields": {"answer_text": "сообщения, находящиеся в хранилищах данных", "is_true": false, "question": 82}}, {"model": "core.answer", "pk": 231, "fields": {"answer_text": "сообщения, находящиеся в памяти компьютера;", "is_true": false, "question": 83}}, {"model": "core.answer", "pk": 232, "fields": {"answer_text": "сообщения, находящиеся в хранилищах данных;", "is_true": false, "question": 83}}, {"model": "core.answer", "pk": 233, "fields": {"answer_text": "предварительно обработанные данные, годные для принятия управленческих решений", "is_true": true, "question": 83}}, {"model": "core.answer", "pk": 234, "fields": {"answer_text": "сообщения, зафиксированные на машинных носителях.", "is_true": false, "question": 83}}, {"model": "core.answer", "pk": 235, "fields": {"answer_text": "реквизита-признака;", "is_true": false, "question": 84}}, {"model": "core.answer", "pk": 236, "fields": {"answer_text": "графических элементов;", "is_true": false, "question": 84}}, {"model": "core.answer", "pk": 237, "fields": {"answer_text": "арифметических выражений", "is_true": false, "question": 84}}, {"model": "core.answer", "pk": 238, "fields": {"answer_text": "реквизита-основания и реквизита-признака", "is_true": false, "question": 84}}, {"model": "core.answer", "pk": 239, "fields": {"answer_text": "реквизита-основания", "is_true": false, "question": 84}}, {"model": "core.answer", "pk": 240, "fields": {"answer_text": "одного реквизита-основания и относящихся к нему реквизитов-признаков", "is_true": true, "question": 84}}]